,count,mean,std,min,25%,50%,75%,max
air_time1,104.0,5626.096153846154,12288.918491062794,65.0,1706.25,2965.0,5130.0,109965.0
disp_index1,104.0,1.0022115384615384e-05,3.5535967484556828e-06,1.68e-06,8.0125e-06,9.58e-06,1.175e-05,2.83e-05
gmrt_in_air1,104.0,303.04147964240383,198.980721352006,37.10275148,175.765378675,255.79145155,357.088639,1168.328276
gmrt_on_paper1,104.0,203.34134654875,125.9653146730859,47.35498966,121.40048110000001,175.10606575,241.294922175,865.2105219
max_x_extension1,104.0,1977.9038461538462,1224.8267523159948,754.0,1373.5,1691.0,2188.75,11195.0
max_y_extension1,104.0,7306.0,2118.8761996668336,561.0,6058.5,7004.5,8320.75,13493.0
mean_acc_in_air1,104.0,0.42350503006730766,0.38436503306499575,0.127188414,0.21512597725,0.29027712,0.46489339075,2.772565516
mean_acc_on_paper1,104.0,0.18363843658653847,0.06803511047635703,0.104892312,0.14827264925,0.1675740495,0.196265803,0.627350024
mean_gmrt1,104.0,253.19141309990385,144.19634254858997,62.04083909,160.47646965,224.53612015,298.9545387,836.7847016
mean_jerk_in_air1,104.0,0.06840801624038462,0.07545516971417819,0.016190354,0.029747567750000002,0.041256538499999995,0.07264930750000001,0.543198712
mean_jerk_on_paper1,104.0,0.020666861586538462,0.004244654240706087,0.014504268,0.01825887275,0.019560581,0.0215753355,0.042042776
mean_speed_in_air1,104.0,4.2067783709326925,2.532337371732989,0.766628733,2.72265430625,3.604071585,4.749599196,15.50980753
mean_speed_on_paper1,104.0,3.8486872969807684,2.497180050229948,0.822160331,2.24698865375,3.252145772,4.44099354575,18.18707883
num_of_pendown1,104.0,9.201923076923077,6.552817237005638,1.0,5.0,8.0,11.25,54.0
paper_time1,104.0,6101.971153846154,4889.086936926948,865.0,4070.0,4960.0,6756.25,46120.0
pressure_mean1,104.0,1663.8792316192307,297.39295277463793,642.6347607,1519.8724265,1736.0737829999998,1880.92651225,1998.48773
pressure_var1,104.0,127260.3006226923,52474.754550653546,25886.97364,86473.08372,128352.87485,165756.056775,288285.0449
total_time1,104.0,11728.067307692309,16560.486057817077,2490.0,5835.0,8462.5,12100.0,156085.0
air_time2,104.0,8409.221153846154,12641.11816744989,375.0,1372.5,4202.5,10598.75,96485.0
disp_index2,104.0,1.152653846153846e-05,3.203401338332223e-06,4.58e-06,9.0275e-06,1.18e-05,1.37e-05,1.99e-05
gmrt_in_air2,104.0,180.6766201965385,107.86694879629928,25.36259842,94.7194748,159.09851905,264.15497777499996,511.1881129
gmrt_on_paper2,104.0,89.19511862326924,44.89101263176192,18.94958627,61.7928631725,79.68286509,109.38225697499999,263.3014822
max_x_extension2,104.0,865.9423076923077,958.1959974111858,108.0,341.25,635.0,924.25,6806.0
max_y_extension2,104.0,5061.923076923077,1002.6670908114346,2650.0,4680.5,4905.5,5163.0,13250.0
mean_acc_in_air2,104.0,0.3976673979903846,0.28207310909499483,0.081255433,0.20451437,0.2990713255,0.477864372,1.548553061
mean_acc_on_paper2,104.0,0.0845434246923077,0.03196640972206726,0.03161407,0.06320086350000001,0.074939971,0.10227871075,0.195597607
mean_gmrt2,104.0,134.93586940980768,60.21255517617127,42.12229045,86.6057311275,130.591096,179.17613425,301.713254
mean_jerk_in_air2,104.0,0.06541885576923077,0.05551935874457102,0.010971155,0.02553021625,0.046711545,0.080119352,0.292048889
mean_jerk_on_paper2,104.0,0.010037683067307691,0.0030414385408236385,0.004713967,0.00829224675,0.0095433205,0.0113746125,0.030031762
mean_speed_in_air2,104.0,2.6141280537596154,1.4771312193798194,0.353844199,1.40049584575,2.2297184029999997,3.38327419775,7.203297084
mean_speed_on_paper2,104.0,1.5839325723365385,0.848667083464816,0.277661991,0.96769066825,1.426281436,2.02654614275,5.189265934
num_of_pendown2,104.0,3.9903846153846154,4.785689006622823,1.0,1.0,2.0,5.0,36.0
paper_time2,104.0,10324.134615384615,7016.442147476685,2365.0,5907.5,8447.5,12500.0,44840.0
pressure_mean2,104.0,1746.6169820259615,330.4085767087386,808.3445158,1632.62639625,1890.5199539999999,1984.402861,2037.61204
pressure_var2,104.0,105283.93445938462,69201.84575040227,9083.432871,50109.78761,93507.88832,143026.35239999997,304781.3003
total_time2,104.0,18733.35576923077,18503.422648449417,2785.0,8084.25,12765.0,23585.0,138685.0
air_time3,104.0,4223.942307692308,4949.039559323211,275.0,685.0,2495.0,5980.0,30145.0
disp_index3,104.0,1.0120028846153847e-05,3.1728437352148087e-06,0.0,8.49e-06,1.02e-05,1.2025000000000001e-05,1.93e-05
gmrt_in_air3,104.0,215.5659991735577,155.72718378632788,28.83201392,93.25866999,180.0597034,295.3919747,810.6672393
gmrt_on_paper3,104.0,127.44391192596154,63.85682923999371,0.0,81.88179141250001,113.7716781,154.15711445,360.2255701
max_x_extension3,104.0,4301.865384615385,812.9777467152588,0.0,4172.75,4336.0,4550.0,6706.0
max_y_extension3,104.0,698.1730769230769,640.1173351529047,0.0,251.75,574.0,824.5,3125.0
mean_acc_in_air3,104.0,0.38588742048076924,0.3729644525231596,0.095334241,0.19101176125000002,0.242692597,0.4089756165,2.723624228
mean_acc_on_paper3,104.0,0.1084654809423077,0.03911818194829982,0.0,0.080409176,0.1022995675,0.1307524355,0.263183081
mean_gmrt3,104.0,171.50495554788463,88.60146033483564,46.58340942,102.683176,149.70751495000002,216.340053975,498.1762507
mean_jerk_in_air3,104.0,0.062114647865384606,0.07363180895019436,0.012231673,0.02407940975,0.032637658,0.0662746285,0.523210007
mean_jerk_on_paper3,104.0,0.012627371884615383,0.0027346055091206902,0.0,0.0108215975,0.0123997495,0.01457629625,0.018988103
mean_speed_in_air3,104.0,2.7483540073653847,1.7959540001995247,0.65447759,1.4848262752499999,2.203330878,3.56833559425,10.71585125
mean_speed_on_paper3,104.0,2.198116229298077,1.1683586799764454,0.0,1.37455558175,2.007369154,2.66160733675,7.050678725
num_of_pendown3,104.0,2.875,2.3757982817840735,0.0,1.0,2.0,4.0,14.0
paper_time3,104.0,7800.625,4543.692506747545,0.0,5061.25,6845.0,9835.0,27845.0
pressure_mean3,104.0,1755.7089776875,352.1821185620771,0.0,1700.6498685,1890.204081,1988.47312775,2037.980014
pressure_var3,104.0,111651.90266998076,81269.94572508645,0.0,42417.0308,90499.28406,153993.28815,347748.2816
total_time3,104.0,12024.567307692309,7849.37153846241,2195.0,6455.0,10135.0,14692.5,39545.0
air_time4,104.0,11346.586538461539,34361.485059120576,70.0,978.75,3582.5,9212.5,330370.0
disp_index4,104.0,2.56460576923077e-05,5.0548270534538174e-06,8.49e-06,2.385e-05,2.56e-05,2.7025e-05,4.47e-05
gmrt_in_air4,104.0,174.33926994375,107.32271534924465,35.52760785,88.10036682249999,168.0038786,225.084789875,647.96522
gmrt_on_paper4,104.0,78.4424465998077,36.198750130422106,21.66220159,54.75754364,70.66212184,93.91714066,202.2832602
max_x_extension4,104.0,4483.807692307692,736.1475168349042,3411.0,4146.0,4281.0,4480.75,7718.0
max_y_extension4,104.0,4590.884615384615,889.692259522482,3586.0,4232.75,4311.5,4520.75,8787.0
mean_acc_in_air4,104.0,0.3672474458461539,0.2801049486400935,0.111905601,0.19191883825,0.2817239595,0.40060370725,1.797789983
mean_acc_on_paper4,104.0,0.14688946946153847,0.051489058708207594,0.060087551,0.10855079575,0.143314677,0.18048394125,0.271537886
mean_gmrt4,104.0,126.39085827163461,59.20296705878051,44.45366257,77.783330035,119.6482394,158.608940425,359.3506881
mean_jerk_in_air4,104.0,0.059465285932692305,0.0546671999551969,0.014170264,0.02689753425,0.040092550000000005,0.06775275725,0.337218249
mean_jerk_on_paper4,104.0,0.01359682910576923,0.0027612790721338416,0.00817668,0.011257212249999999,0.013666164500000001,0.01571282425,0.021189821
mean_speed_in_air4,104.0,2.564193719153846,1.6065989216234784,0.524151919,1.4838137495000001,2.098157245,3.19797633725,8.566686323
mean_speed_on_paper4,104.0,1.5033066397596155,0.7240863715595763,0.427906305,1.024631913,1.381594835,1.72141871825,4.037915803
num_of_pendown4,104.0,5.75,10.105030949256756,1.0,1.0,2.0,7.0,77.0
paper_time4,104.0,27945.528846153848,14192.488867411066,4980.0,18591.25,24577.5,35406.25,69085.0
pressure_mean4,104.0,1882.5902355846154,257.36194174187654,796.3513365,1878.80872475,1993.0558449999999,2029.3185987499999,2045.481959
pressure_var4,104.0,63463.60670042307,56129.8409927114,1620.839881,18817.3846575,45678.965455,96541.1083275,272912.8665
total_time4,104.0,39292.11538461538,42069.0349635365,7830.0,20427.5,28295.0,46511.25,396415.0
air_time5,104.0,4636.048076923077,8326.945579682057,35.0,746.25,1347.5,5196.25,66034.0
disp_index5,104.0,1.5570192307692308e-05,5.287777256293353e-06,0.0,1.38e-05,1.4950000000000001e-05,1.58e-05,3.52e-05
gmrt_in_air5,104.0,116.94919863836539,65.1476876883468,0.0,77.285663625,99.429308935,147.272653075,399.8689653
gmrt_on_paper5,104.0,72.58356608480769,46.69920277311325,0.0,45.5361449125,63.036797035,84.770629185,347.621714
max_x_extension5,104.0,2876.8173076923076,1226.8870210479784,0.0,2409.5,2529.5,2729.5,10933.0
max_y_extension5,104.0,2729.9903846153848,927.9285574189627,0.0,2380.5,2472.0,2641.25,6103.0
mean_acc_in_air5,104.0,0.26769015622115383,0.16153796592810726,0.089748465,0.17701789750000002,0.2203195055,0.300215266,1.21847767
mean_acc_on_paper5,104.0,0.16175751020192308,0.0543405232765851,0.0,0.12169824725,0.170061038,0.20280282575,0.270123153
mean_gmrt5,104.0,94.76638236423076,43.09683197818897,34.20903654,65.08873152999999,85.713157245,108.27015349999999,246.8222032
mean_jerk_in_air5,104.0,0.03794116175,0.030874078092513857,0.014003955,0.02214314425,0.024898380499999997,0.04128108175,0.243149876
mean_jerk_on_paper5,104.0,0.014626181067307693,0.003429012253035987,0.0,0.012964588499999999,0.0145956305,0.017208583,0.028092446
mean_speed_in_air5,104.0,1.9384986394326922,1.2440123917464398,0.506268528,1.1496538465000001,1.683314512,2.2137473020000002,9.932748328
mean_speed_on_paper5,104.0,1.4138910456826925,0.8937980420471116,0.0,0.8590784597500001,1.2476533205,1.68533693975,6.54521464
num_of_pendown5,104.0,3.2596153846153846,4.476465301798688,0.0,1.0,1.0,4.0,37.0
paper_time5,104.0,18197.30769230769,10228.591968202618,0.0,11727.5,16182.5,23916.25,64885.0
pressure_mean5,104.0,1878.6822258480768,308.94279082558245,0.0,1900.503946,1996.4669255,2029.8379662500001,2046.593489
pressure_var5,104.0,60766.2988134048,57273.91561622712,0.0,17464.6871925,44176.53921,84536.46682999999,340361.9835
total_time5,104.0,22833.35576923077,16271.722329588485,215.0,12703.75,18195.0,30398.75,130919.0
air_time6,104.0,10322.932692307691,13655.146609874728,480.0,3291.25,5900.0,12991.25,94270.0
disp_index6,104.0,5.407403846153846e-06,2.38465197444163e-06,2.26e-06,4.1e-06,4.8150000000000005e-06,6.2175e-06,2.22e-05
gmrt_in_air6,104.0,223.6067446271154,134.1384897121825,44.61220814,132.1038864,193.02951265000002,283.784925025,1026.097325
gmrt_on_paper6,104.0,192.5131538081731,104.49712440744774,29.25113626,103.89970255,193.56605055,254.48997225,676.6206421
max_x_extension6,104.0,2097.173076923077,1601.8354062707797,736.0,1385.25,1708.0,2206.25,13450.0
max_y_extension6,104.0,5009.221153846154,2558.3446633781673,1220.0,3636.5,4310.0,5224.0,15562.0
mean_acc_in_air6,104.0,0.694047864653846,0.6847631008802157,0.122394945,0.299964693,0.4951425345,0.8255740300000001,5.392034428
mean_acc_on_paper6,104.0,0.15288806921153847,0.04452042021151617,0.065000075,0.11948888875000001,0.14904041299999998,0.17751721225,0.293867465
mean_gmrt6,104.0,208.05994921913464,97.2689517117215,39.5993593,127.232351375,212.9230431,263.7165305,649.0381622
mean_jerk_in_air6,104.0,0.12377294156730768,0.1366940939162958,0.018446684,0.04259009525,0.08482379749999999,0.15140427974999998,1.064207572
mean_jerk_on_paper6,104.0,0.01844220509615385,0.004586629592430682,0.007606957,0.0156314775,0.018755497000000003,0.0211596095,0.031882129
mean_speed_in_air6,104.0,4.127109833980769,2.4448617814986315,0.806716365,2.5374284215,3.567034673,5.2342855785,17.42312738
mean_speed_on_paper6,104.0,3.161751807509615,1.8908618530812238,0.381507014,1.58508258225,3.0620158665,4.2786592135,12.03188565
num_of_pendown6,104.0,5.163461538461538,3.3850343874666313,1.0,3.0,4.0,6.0,27.0
paper_time6,104.0,4194.038461538462,3924.196106960633,1005.0,2185.0,2765.0,4566.25,24735.0
pressure_mean6,104.0,1647.4699394115382,343.03166122626135,567.1551363,1523.86292475,1759.7180105,1885.38176875,2006.804154
pressure_var6,104.0,156854.41375317308,72946.9770858908,35341.16671,101318.628,148967.8532,196107.9237,367176.7159
total_time6,104.0,14516.971153846154,16573.29848078349,2445.0,5428.75,8495.0,18328.75,119005.0
air_time7,104.0,12340.576923076924,29915.639952065176,1750.0,3492.5,6360.0,12066.25,295415.0
disp_index7,104.0,6.380769230769229e-06,2.6229641915420853e-06,2.52e-06,4.7175e-06,5.92e-06,7.3225e-06,2.02e-05
gmrt_in_air7,104.0,257.3020226766346,113.0754042767747,79.59685989,170.740278125,241.07218945,323.44796575,730.9364435
gmrt_on_paper7,104.0,327.8969603029808,172.58127654573033,44.48256772,187.843320725,311.50586655,428.659770975,894.436629
max_x_extension7,104.0,12815.846153846154,499.1853123856594,11816.0,12490.0,12818.5,13117.0,15359.0
max_y_extension7,104.0,1425.0,953.08395701859,511.0,983.25,1191.5,1494.75,7752.0
mean_acc_in_air7,104.0,1.091837258201923,0.7461273435026908,0.142903206,0.5427304415,0.882945306,1.4373650855,4.232426572
mean_acc_on_paper7,104.0,0.16159584040384617,0.046266964864052025,0.098016798,0.12866455300000001,0.14986964800000002,0.1820839215,0.410386204
mean_gmrt7,104.0,292.5994914894231,129.76943859777197,73.49606402,190.07604352500002,272.73511510000003,377.9405389,613.5340315
mean_jerk_in_air7,104.0,0.20221766283653847,0.14813447226607865,0.017634987,0.09492503000000001,0.1605273385,0.27136945900000004,0.837908474
mean_jerk_on_paper7,104.0,0.01861253360576923,0.004023682868874092,0.01271745,0.015528917,0.017579731,0.0210907585,0.0373252
mean_speed_in_air7,104.0,5.065513212057692,2.1711143852772645,1.552181604,3.40904578375,4.6354424765,6.2336739195,12.80865531
mean_speed_on_paper7,104.0,3.4086137053750005,1.9420365076548207,0.431881238,1.87746521875,2.9879522575,4.705863582499999,9.352852528
num_of_pendown7,104.0,6.048076923076923,4.827871765118991,4.0,4.0,5.0,6.0,47.0
paper_time7,104.0,4780.625,4412.705491103343,1020.0,2347.5,3222.5,5110.0,23270.0
pressure_mean7,104.0,1650.2843575096156,326.59361770373164,682.8093146,1502.932604,1777.507685,1875.65004525,1996.938596
pressure_var7,104.0,164703.2876047115,73525.08323417656,43211.07898,114217.97005,154585.74505,200917.8577,518928.4351
total_time7,104.0,17121.201923076922,31225.371844740715,3485.0,6475.0,9682.5,16955.0,299100.0
air_time8,104.0,5283.75,8939.622984328911,190.0,720.0,1657.5,6502.5,63780.0
disp_index8,104.0,7.554711538461539e-06,3.679121084554982e-06,2.79e-06,5.5075e-06,6.855e-06,8.47e-06,2.81e-05
gmrt_in_air8,104.0,273.67968227375,230.87509585817526,42.09564195,130.37331742499998,193.2028767,365.749034175,1343.063582
gmrt_on_paper8,104.0,152.9287856818269,90.71741192368933,21.92569601,90.3669007725,126.00021975,206.958933,510.187934
max_x_extension8,104.0,1677.1057692307693,737.6303954927171,602.0,1219.5,1495.0,1951.0,5693.0
max_y_extension8,104.0,3432.6634615384614,1267.5842907617464,1387.0,2475.25,3338.5,4096.25,9296.0
mean_acc_in_air8,104.0,0.44436187026923074,0.6786415396137286,0.093240694,0.1998217845,0.263462989,0.37419306175,6.121763754
mean_acc_on_paper8,104.0,0.12484645954807692,0.04312379888228227,0.058919728,0.096251758,0.114828483,0.14561768825,0.287305465
mean_gmrt8,104.0,213.3042339758654,144.3607092627131,44.22181739,114.74325535,173.85600664999998,262.0703869,830.696211
mean_jerk_in_air8,104.0,0.07290576244230769,0.13700342329492105,0.013460055,0.02522557725,0.0329461135,0.0563414735,1.218504869
mean_jerk_on_paper8,104.0,0.013782325740384615,0.0028428179410356536,0.007961287,0.01176094175,0.013657616000000001,0.015909160749999998,0.0221169
mean_speed_in_air8,104.0,3.1175171383653844,2.462961057991084,0.538844513,1.54387855325,2.387394384,3.7024290425,17.15932273
mean_speed_on_paper8,104.0,3.052127222913462,1.886757835383071,0.281337917,1.75600802125,2.510853744,4.127107827,10.76143968
num_of_pendown8,104.0,2.548076923076923,2.978498376120031,1.0,1.0,1.0,3.0,19.0
paper_time8,104.0,5681.7307692307695,5328.072010050801,1275.0,2833.75,4065.0,7025.0,36620.0
pressure_mean8,104.0,1773.844168321154,331.8681570028726,557.3839009,1651.17608675,1907.5266565000002,2000.80197125,2040.506126
pressure_var8,104.0,89123.69931048078,77536.31193423159,4278.451659,34594.561065,62160.125185,114304.618575,364353.1973
total_time8,104.0,10965.48076923077,12758.167411072289,1660.0,4615.0,6775.0,12497.5,88730.0
air_time9,104.0,4689.038461538462,7506.938249513012,60.0,760.0,2057.5,5041.25,58015.0
disp_index9,104.0,9.567019230769231e-06,3.400818256708313e-06,4.06e-06,6.9775000000000005e-06,8.939999999999999e-06,1.12e-05,2.22e-05
gmrt_in_air9,104.0,331.11218215125,330.09326082966123,56.31904358,137.585571325,219.423775,338.280416425,2237.051795
gmrt_on_paper9,104.0,139.9028007694231,85.89939804099667,19.45470434,76.061872955,124.5869142,186.41788259999998,599.071897
max_x_extension9,104.0,1815.7884615384614,1363.1429536547446,812.0,1192.0,1544.0,1967.75,11618.0
max_y_extension9,104.0,4757.836538461538,1956.7588870254172,1522.0,3287.5,4292.5,5932.0,13278.0
mean_acc_in_air9,104.0,0.465747167576923,0.7223059313943574,0.07775442,0.21179764525,0.250461345,0.3798440015,5.548269831
mean_acc_on_paper9,104.0,0.134632095375,0.035348412592115366,0.068557468,0.10955176025,0.129457711,0.158084839,0.230984852
mean_gmrt9,104.0,235.50749145826921,184.2561843732306,56.61739955,123.979457775,178.30386865,269.686061025,1262.499056
mean_jerk_in_air9,104.0,0.0774039256153846,0.14473669241343973,0.012767888,0.025963198,0.034951701,0.066024388,1.097840416
mean_jerk_on_paper9,104.0,0.01455294389423077,0.0025509320832179895,0.009277691,0.01256733225,0.0143070305,0.0162684255,0.020629618
mean_speed_in_air9,104.0,3.536584730644231,3.4923045507405037,0.664521669,1.66554296175,2.6015415500000003,3.7273510602499997,24.90614553
mean_speed_on_paper9,104.0,2.758567353173077,1.7308104622755134,0.356095418,1.4942322187500001,2.4102099485,3.77162925025,11.52884374
num_of_pendown9,104.0,3.798076923076923,4.91160663744723,1.0,1.0,2.0,4.0,27.0
paper_time9,104.0,7379.134615384615,5044.820974158985,2195.0,3930.0,5865.0,8880.0,30475.0
pressure_mean9,104.0,1795.9229231499999,334.16272632022736,648.0950069,1688.0003025,1966.9804335,2021.36674075,2044.84433
pressure_var9,104.0,77502.34929289423,72537.74811446303,1532.626983,24047.484027500002,57520.979515,101696.26457500001,381441.5826
total_time9,104.0,12068.173076923076,10999.246489145375,2725.0,5331.25,8097.5,15043.75,76555.0
air_time10,104.0,3973.5576923076924,5601.902011993703,300.0,1035.0,1962.5,3768.75,28525.0
disp_index10,104.0,6.22346153846154e-06,1.8191595035832405e-06,2.39e-06,4.9100000000000004e-06,5.735e-06,7.34e-06,1.16e-05
gmrt_in_air10,104.0,212.15064072076925,135.44969457967832,38.39930752,117.032108625,182.736704,262.214129425,923.4866089
gmrt_on_paper10,104.0,197.7289500858654,108.13792888300708,28.12664191,129.282997325,186.51459145,237.07945215,726.5772074
max_x_extension10,104.0,2109.0576923076924,1083.2528398697532,527.0,1636.0,1932.5,2318.75,10469.0
max_y_extension10,104.0,3326.576923076923,1136.3025944960266,1587.0,2649.25,3071.0,3819.25,7839.0
mean_acc_in_air10,104.0,0.3461756665096154,0.2660675616873743,0.086002814,0.21549734225,0.26001000900000004,0.3517783325,1.630179108
mean_acc_on_paper10,104.0,0.15515681664423078,0.04532382976579869,0.039595657,0.12574828875,0.14158454650000002,0.1815379335,0.317258665
mean_gmrt10,104.0,204.93979540298076,103.88621461824239,52.23529326,137.6536722,186.85678875000002,261.242357225,627.9264018
mean_jerk_in_air10,104.0,0.05206992986538461,0.05319777035886028,0.013962723,0.02703953125,0.0326909045,0.04656124675,0.303487681
mean_jerk_on_paper10,104.0,0.017918335855769234,0.0038499295155730085,0.005175312,0.015362569,0.017308991500000002,0.01946844925,0.030171394
mean_speed_in_air10,104.0,3.182499799634615,1.8598018544998007,0.644757038,1.90094833125,2.6582280865000003,4.011128197,9.578699653
mean_speed_on_paper10,104.0,3.7932691869807695,2.138411493613491,0.568802625,2.402503237,3.4647203435,4.69585217825,14.02656691
num_of_pendown10,104.0,5.605769230769231,2.760393489717216,1.0,4.0,5.0,7.0,15.0
paper_time10,104.0,3826.5384615384614,2609.1444006341844,1025.0,2401.25,2822.5,4412.5,19315.0
pressure_mean10,104.0,1668.6177311749998,350.251885123964,631.4837545,1549.4654295,1800.1493915,1911.2483267500002,2038.070278
pressure_var10,104.0,146244.337894625,76289.38332350295,8657.154651,92435.6595025,132684.94775,183537.71405,424882.3754
total_time10,104.0,7800.096153846154,7489.718453649411,1325.0,3662.5,5015.0,7662.5,38710.0
air_time11,104.0,9226.682692307691,55617.64367680883,250.0,1132.5,2080.0,4292.5,569120.0
disp_index11,104.0,6.025913461538462e-06,1.8599467270300629e-06,5.35e-07,4.9125e-06,5.56e-06,7.1475e-06,1.25e-05
gmrt_in_air11,104.0,172.23511749951922,92.27413639573375,54.4988015,117.24327877500001,152.4647531,205.72224785,677.2519332
gmrt_on_paper11,104.0,206.45764636365385,90.14005947014394,41.83257452,148.53927837499998,208.0575077,247.68174355000002,537.1783013
max_x_extension11,104.0,2134.028846153846,1136.927954585119,478.0,1555.25,1926.5,2425.25,8843.0
max_y_extension11,104.0,3183.2403846153848,1411.4631910582975,303.0,2367.25,2827.5,3654.25,12572.0
mean_acc_in_air11,104.0,0.3219385406153846,0.37125584691224345,0.142092157,0.20034306075,0.235825675,0.31838139225,3.715278569
mean_acc_on_paper11,104.0,0.1659699657403846,0.04403166750238535,0.084838359,0.13278708975,0.160510932,0.190257282,0.320117178
mean_gmrt11,104.0,189.34638192903842,77.85438309124261,66.79495582,137.2561225,179.9562755,227.5044815,469.4077911
mean_jerk_in_air11,104.0,0.04901426706730769,0.07425746469099648,0.020950983,0.02543321725,0.030091704499999997,0.045897266000000006,0.727769634
mean_jerk_on_paper11,104.0,0.018851010596153846,0.0032407328797149455,0.011908638,0.016860328,0.0183732505,0.0209427975,0.028802354
mean_speed_in_air11,104.0,2.9318899813173074,1.5166393480023679,0.973165922,1.97238854725,2.5199992565000002,3.4985017145,11.80678303
mean_speed_on_paper11,104.0,3.970801364086538,1.8315462517727783,0.654949023,2.6435809942499997,3.881326241,4.92566847925,10.14024846
num_of_pendown11,104.0,5.663461538461538,2.9481294939451788,1.0,4.0,5.0,7.0,19.0
paper_time11,104.0,3591.394230769231,2405.071649491901,440.0,2407.5,2880.0,4076.25,19635.0
pressure_mean11,104.0,1683.1064020567308,345.3017432354847,341.3863636,1591.14021525,1826.5569725,1908.4972855,2031.075721
pressure_var11,104.0,147613.13629802884,79903.99324646931,3597.418905,106535.90325,140469.91840000002,184019.0631,576735.9492
total_time11,104.0,12818.076923076924,55671.110596104816,1000.0,3648.75,5430.0,8256.25,571545.0
air_time12,104.0,6381.307692307692,29651.55508883066,145.0,1103.75,1992.5,3552.5,301115.0
disp_index12,104.0,7.064423076923077e-06,1.9976650578477315e-06,2.53e-06,5.767499999999999e-06,6.775e-06,7.984999999999999e-06,1.52e-05
gmrt_in_air12,104.0,296.1486479495192,275.45227893372595,65.50232728,157.5014504,231.0909379,313.754076875,2160.130164
gmrt_on_paper12,104.0,132.44324462951923,65.99038144626418,12.49446522,78.10656846250001,127.3059073,172.82409715,406.0573247
max_x_extension12,104.0,945.7788461538462,383.41748790790325,243.0,660.0,913.0,1164.25,2189.0
max_y_extension12,104.0,4982.778846153846,1492.2798350027845,2131.0,3877.0,4777.0,5741.75,8855.0
mean_acc_in_air12,104.0,0.3499929043173077,0.24765272541477368,0.152399915,0.2128710795,0.253347703,0.34253277325,1.36375272
mean_acc_on_paper12,104.0,0.15420828768269232,0.03893951357717172,0.061440597,0.12660490375,0.1505109985,0.17661058475,0.308318574
mean_gmrt12,104.0,214.2959462900962,149.477714548206,54.12945922,124.8537335,179.95027115,250.4789417,1177.51467
mean_jerk_in_air12,104.0,0.05230592189423077,0.04861026273285515,0.01923966,0.0265963125,0.032009672,0.051266046,0.254204909
mean_jerk_on_paper12,104.0,0.01845412635576923,0.003818962069842052,0.007733309,0.0157174365,0.018063569,0.0211885085,0.027225971
mean_speed_in_air12,104.0,3.3389805654615383,2.010187736043181,0.849951141,2.0398169040000003,2.785619256,3.991872827,11.90983833
mean_speed_on_paper12,104.0,2.7126605000288464,1.4187145087799842,0.230606127,1.537362873,2.4507912305,3.60637401625,8.596851725
num_of_pendown12,104.0,4.730769230769231,3.580504843806218,1.0,3.0,4.0,6.0,21.0
paper_time12,104.0,4983.846153846154,2918.7544915471753,1200.0,3211.25,4257.5,5772.5,20005.0
pressure_mean12,104.0,1709.5967575403847,337.51450408184417,650.112532,1532.51317275,1858.3005699999999,1965.87705375,2041.522667
pressure_var12,104.0,116973.67449022115,78002.605361219,3698.297486,59587.08249,102924.70035,149673.38175,439253.8593
total_time12,104.0,11365.153846153846,30928.23219352956,1345.0,4500.0,6240.0,8516.25,315265.0
air_time13,104.0,3168.076923076923,3659.965270386204,220.0,1225.0,1750.0,3531.25,20465.0
disp_index13,104.0,7.046730769230769e-06,1.8921105708303482e-06,2.2e-06,5.6100000000000005e-06,6.6849999999999995e-06,8.007499999999999e-06,1.4e-05
gmrt_in_air13,104.0,248.4654707831731,179.76453841872527,52.1579077,136.403889325,213.0000035,289.048167175,1089.277686
gmrt_on_paper13,104.0,137.6031901114423,67.76396782665469,39.5720902,92.45840103500001,129.1512877,176.82820850000002,470.5044049
max_x_extension13,104.0,903.9903846153846,732.376136784842,296.0,639.25,765.0,991.25,7400.0
max_y_extension13,104.0,4806.115384615385,1654.5978616100379,2308.0,3603.0,4488.5,5590.25,10638.0
mean_acc_in_air13,104.0,0.4724194232788462,0.680671458859565,0.140170179,0.21960516075,0.249144237,0.36400045375,4.496196372
mean_acc_on_paper13,104.0,0.16129823295192305,0.03573370538276016,0.112910683,0.133744245,0.1571024205,0.1819486235,0.316255084
mean_gmrt13,104.0,193.0343304455769,107.57740492282755,55.14877628,131.21146535,165.9561961,230.7354837,648.9852925
mean_jerk_in_air13,104.0,0.07809028155769232,0.13823547299004582,0.018673573,0.02614073225,0.032624644,0.05001096325,0.893947312
mean_jerk_on_paper13,104.0,0.019398496673076922,0.003376213181798163,0.013386635,0.01668672975,0.018759148,0.021227630499999997,0.031196342
mean_speed_in_air13,104.0,3.3565660077980772,2.244650530787584,0.637059258,1.934304589,2.7899708719999996,3.8223342505,14.51014873
mean_speed_on_paper13,104.0,2.7970961282884614,1.4287914436858598,0.786807657,1.82137200325,2.5820444475,3.6220742495,9.440686785
num_of_pendown13,104.0,4.8173076923076925,2.9321267773387385,1.0,3.0,4.0,6.0,17.0
paper_time13,104.0,4806.009615384615,2302.8482132156537,1030.0,3087.5,4017.5,5961.25,13565.0
pressure_mean13,104.0,1723.0613772355769,346.3874500990346,517.3022556,1619.0929545,1873.932264,1964.52350575,2036.562849
pressure_var13,104.0,125218.04883766346,81868.87823032531,9127.201357,65348.541045000005,104258.12909999999,173546.3324,416545.9279
total_time13,104.0,7974.086538461538,5109.820915507205,1250.0,4710.0,5880.0,9096.25,27610.0
air_time14,104.0,14356.951923076924,22841.224367137136,805.0,3500.0,5190.0,12530.0,148605.0
disp_index14,104.0,1.4248461538461537e-05,4.4234632061734645e-06,0.0,1.19e-05,1.37e-05,1.6725e-05,3.44e-05
gmrt_in_air14,104.0,250.0085356739423,129.24169321939254,23.95048761,155.7923542,227.70616,314.22057015,620.9737197
gmrt_on_paper14,104.0,203.4444027058654,90.22813631175623,0.0,148.653094125,192.98358735,244.14916657499998,536.054968
max_x_extension14,104.0,3902.5673076923076,2288.162062987159,0.0,1900.75,3483.0,5771.0,9701.0
max_y_extension14,104.0,7113.778846153846,3407.2627112721793,0.0,4667.75,5924.5,9813.0,15524.0
mean_acc_in_air14,104.0,0.5278265309999999,0.4085423811622828,0.104035821,0.24933157575,0.35192782499999997,0.6969063995,1.90868653
mean_acc_on_paper14,104.0,0.16041473931730768,0.03958682945355781,0.0,0.13952746300000002,0.154422996,0.17978828775,0.308770885
mean_gmrt14,104.0,226.7264691849038,100.47543762366702,50.84739315,153.664950675,222.4008242,297.01349200000004,532.5123054
mean_jerk_in_air14,104.0,0.09024183116346154,0.08164063257960755,0.015299648,0.03319526775,0.054136601500000006,0.1213589005,0.366793825
mean_jerk_on_paper14,104.0,0.01907966745192308,0.003609052295025436,0.0,0.017246803749999998,0.018956613,0.0209141225,0.029744986
mean_speed_in_air14,104.0,4.121598465076923,2.01323396818834,0.440134165,2.6220401402499998,3.824705397,5.416716125,9.235042834
mean_speed_on_paper14,104.0,3.4262080609999996,1.5052868176268197,0.0,2.483140413,3.4202092475,4.0401331155,9.006989988
num_of_pendown14,104.0,13.48076923076923,6.650762083832431,0.0,9.0,12.0,16.25,38.0
paper_time14,104.0,8920.76923076923,5316.4667152704005,0.0,6342.5,7605.0,9466.25,41695.0
pressure_mean14,104.0,1641.4160758490386,391.4785416412377,0.0,1448.18188925,1780.183101,1916.48181525,2008.594787
pressure_var14,104.0,145367.09389403847,75914.8616768525,0.0,86319.296025,140026.5741,195343.576875,323093.7334
total_time14,104.0,23277.721153846152,25740.41435815004,2815.0,10126.25,12592.5,23351.25,159635.0
air_time15,104.0,31833.53846153846,52352.53308193973,1280.0,6898.75,13867.5,30365.0,335890.0
disp_index15,104.0,9.524423076923075e-06,3.30997780385104e-06,4.3e-06,7.644999999999999e-06,8.695e-06,1.0825e-05,3.07e-05
gmrt_in_air15,104.0,142.59313975278843,60.28288540767528,44.3641207,94.721909125,133.3597315,176.649086025,366.5661194
gmrt_on_paper15,104.0,147.39681318971154,69.73930562522527,41.74116649,95.1205514375,132.3062655,186.792899275,393.6926097
max_x_extension15,104.0,1916.2788461538462,752.4786157233877,829.0,1447.25,1766.5,2233.0,4790.0
max_y_extension15,104.0,5492.336538461538,2455.1341236791773,1454.0,4125.25,4844.5,6169.75,15758.0
mean_acc_in_air15,104.0,0.4013001628365385,0.26774317136874115,0.127002307,0.20616254275,0.3291881895,0.48623172925,1.736446249
mean_acc_on_paper15,104.0,0.14584266295192308,0.03566044207661106,0.066746998,0.1269002345,0.136363031,0.15851546675,0.314622965
mean_gmrt15,104.0,144.99497646942308,52.49497737793493,57.32608405,103.177067,136.81955355,169.89450825,310.4909024
mean_jerk_in_air15,104.0,0.06575954854807692,0.05342655390370389,0.0189351,0.026394715,0.0513869235,0.080797098,0.335200277
mean_jerk_on_paper15,104.0,0.018021928769230772,0.003856887757352797,0.008295994,0.015928668,0.0171896405,0.0199954345,0.027528942
mean_speed_in_air15,104.0,2.7335688936730773,1.2157302748548096,0.728483121,1.75493581925,2.514466004,3.429075118,6.577544823
mean_speed_on_paper15,104.0,2.5062511977403847,1.2857772692404745,0.512311385,1.51960146175,2.3073281815,3.30439524,7.562374575
num_of_pendown15,104.0,13.663461538461538,5.693823219320677,4.0,10.0,12.0,16.0,38.0
paper_time15,104.0,7970.865384615385,5823.62632005895,2155.0,4561.25,6407.5,8575.0,37290.0
pressure_mean15,104.0,1516.1309038836537,372.3435108148775,338.9728897,1323.5720545,1609.019562,1791.4144927500001,1982.217256
pressure_var15,104.0,215067.56416538463,85116.37484795069,27604.79532,160709.00427499998,222283.3246,266227.557475,435098.6724
total_time15,104.0,39804.403846153844,56059.320975233524,5195.0,12208.75,20957.5,41505.0,369275.0
air_time16,104.0,7699.086538461538,9253.800970947781,260.0,1717.5,4570.0,9315.0,54460.0
disp_index16,104.0,4.976538461538462e-06,3.243808372235928e-06,0.0,3.775e-06,4.345e-06,5.215e-06,2.83e-05
gmrt_in_air16,104.0,172.19793870682693,91.99563010754194,44.76406249,105.31070665,159.78976434999998,213.57029075,485.5761655
gmrt_on_paper16,104.0,133.1482875198077,75.03743274206128,0.0,85.0324801075,118.74759929999999,165.18645832500002,517.928849
max_x_extension16,104.0,1060.576923076923,1651.8072520451308,0.0,567.0,734.5,942.0,12266.0
max_y_extension16,104.0,3108.4423076923076,2077.080053834551,0.0,2099.0,2620.5,3191.25,14671.0
mean_acc_in_air16,104.0,0.47414199596153844,0.4594483035100228,0.142733391,0.21691127325,0.279206998,0.53677912725,2.427377987
mean_acc_on_paper16,104.0,0.14613962544230769,0.035344839842734885,0.0,0.12416866925,0.14179920699999998,0.16446941575000001,0.274925853
mean_gmrt16,104.0,152.6731131116346,66.62089462608301,41.55780371,109.27519285,142.34257835,177.32848122500002,378.6620432
mean_jerk_in_air16,104.0,0.07938689808653845,0.09180927961700021,0.01860561,0.028555532,0.0409429745,0.08842634399999999,0.473325548
mean_jerk_on_paper16,104.0,0.017239024817307692,0.0037988870169511336,0.0,0.0150806055,0.016898524999999998,0.019055847,0.026414575
mean_speed_in_air16,104.0,3.1938394081057693,1.7158995744442977,0.848247106,1.9736811835,3.0311314815,3.772123391,9.677015763
mean_speed_on_paper16,104.0,2.3155727055288464,1.2959529011265787,0.0,1.46868268925,2.1002095279999997,2.855505795,8.560684182
num_of_pendown16,104.0,5.6923076923076925,3.924226280989193,0.0,4.0,5.0,6.0,33.0
paper_time16,104.0,3520.9134615384614,2809.8896744764993,0.0,1903.75,2682.5,3960.0,20105.0
pressure_mean16,104.0,1498.7355279528845,396.59708702428924,0.0,1253.8457094999999,1619.970916,1810.712045,2004.871622
pressure_var16,104.0,207857.67570557696,106522.73401641719,0.0,133864.3922,200478.5942,271830.4701,550332.0037
total_time16,104.0,11220.0,11232.306020746111,1975.0,3740.0,7867.5,13710.0,63585.0
air_time17,104.0,39292.346153846156,93895.90202983045,1900.0,10500.0,16397.5,38475.0,863930.0
disp_index17,104.0,2.6822019230769228e-05,5.7202668787981494e-06,3.29e-06,2.3775e-05,2.65e-05,2.9725e-05,4.73e-05
gmrt_in_air17,104.0,308.9706224119231,141.4866784644886,85.33396222,206.646219775,294.52360365000004,374.900545375,780.3841538
gmrt_on_paper17,104.0,244.53213590682694,72.34248520088221,85.63343032,207.70695742499998,242.7445381,288.75993765,443.6705467
max_x_extension17,104.0,11992.134615384615,1150.773965454051,1093.0,11815.5,12047.5,12379.5,13214.0
max_y_extension17,104.0,13695.278846153846,1375.1809374807035,2926.0,13077.75,13880.5,14443.25,16176.0
mean_acc_in_air17,104.0,1.4271697331538462,0.7273078942765054,0.218801014,0.83687244675,1.3155776965000001,1.8654933637500002,3.444643966
mean_acc_on_paper17,104.0,0.1624985611923077,0.026330992286112447,0.124874726,0.14581034525,0.15683720499999998,0.174399988,0.251165019
mean_gmrt17,104.0,276.75137915038465,97.80038192572574,96.77924466,207.7913769,263.19050155,336.298726775,560.0819402
mean_jerk_in_air17,104.0,0.27041522775,0.14552096486739904,0.024377627,0.152385129,0.2476677175,0.35820235624999996,0.674088442
mean_jerk_on_paper17,104.0,0.019966904605769227,0.0025639186145038173,0.014990528,0.01812295025,0.019539122,0.02125829,0.02798327
mean_speed_in_air17,104.0,5.866762273278846,2.519714011335841,1.667468456,4.16447094275,5.6139059465,7.1229976465,14.81421143
mean_speed_on_paper17,104.0,2.996360185769231,1.0340608993052147,0.883977955,2.43396644175,3.069436045,3.500069897,6.07009088
num_of_pendown17,104.0,37.26923076923077,14.251030124054681,4.0,29.0,35.0,47.0,85.0
paper_time17,104.0,19686.10576923077,9228.966033996734,1405.0,14692.5,17102.5,21802.5,55695.0
pressure_mean17,104.0,1611.6880583682691,372.02354527011636,364.8487738,1494.26624875,1729.8515539999999,1880.1673007499999,1998.745987
pressure_var17,104.0,164381.37254019233,70339.88079023885,25135.48476,113361.598275,169702.9459,205584.1973,423923.6347
total_time17,104.0,58978.45192307692,95854.35161844162,3305.0,26542.5,34110.0,59441.25,882690.0
air_time18,104.0,3405.375,7101.131932451852,245.0,935.0,1622.5,3100.0,67295.0
disp_index18,104.0,4.904519230769231e-06,2.5768784758382062e-06,1.97e-06,3.97e-06,4.555e-06,5.39e-06,2.82e-05
gmrt_in_air18,104.0,231.44698673634613,167.13185010722188,69.09232346,128.9747103,182.45643335,284.60716515,1381.017503
gmrt_on_paper18,104.0,189.57090050211536,72.81353114910904,22.22213286,139.425886325,174.09640775,239.917313425,410.7436334
max_x_extension18,104.0,1360.173076923077,730.9654002451067,340.0,956.75,1278.5,1576.5,7179.0
max_y_extension18,104.0,3524.394230769231,1286.2895265008615,1440.0,2728.25,3282.0,4039.5,10225.0
mean_acc_in_air18,104.0,0.37137654898076927,0.42841249057122033,0.146511064,0.20404220025,0.245380144,0.32500267574999997,3.204440014
mean_acc_on_paper18,104.0,0.16082466075961538,0.036938706691509365,0.090818273,0.13444711875,0.156198872,0.17812075875,0.293575572
mean_gmrt18,104.0,210.50894361903846,106.47577625641095,54.15175024,139.20224505,184.84517405,264.1007834,836.1543553
mean_jerk_in_air18,104.0,0.0579990623173077,0.08418323998510048,0.020268223,0.02693273275,0.032526632,0.0437335815,0.626246749
mean_jerk_on_paper18,104.0,0.019110623903846154,0.0032559728487506537,0.011560533,0.0170644705,0.018843871499999998,0.021539344499999998,0.029256305
mean_speed_in_air18,104.0,4.045369286711539,2.9950625664296204,0.818064287,2.33811305075,3.146607474,4.82919753275,25.15018909
mean_speed_on_paper18,104.0,3.4533375247403844,1.3960926696324802,0.3985032,2.54339122875,3.18305885,4.31230729475,7.179519579
num_of_pendown18,104.0,5.855769230769231,8.305359445505298,1.0,4.0,5.0,7.0,86.0
paper_time18,104.0,2912.019230769231,3048.3524532504825,915.0,1925.0,2260.0,2766.25,27700.0
pressure_mean18,104.0,1644.5402670692308,342.5096859383474,493.2628205,1527.0090015,1774.120769,1882.18261325,2022.042056
pressure_var18,104.0,156681.6352075,88455.0588357366,19420.02828,89537.8985725,154898.74829999998,196312.74925,492977.7314
total_time18,104.0,6317.3942307692305,9799.560805908817,1340.0,3103.75,3980.0,6072.5,94995.0
air_time19,104.0,498486.4903846154,1959154.4883075876,4000.0,36325.0,44627.5,65485.0,9170100.0
disp_index19,104.0,2.8153749999999998e-05,6.365681834528537e-06,4.43e-06,2.59e-05,2.92e-05,3.39e-05,3.83e-05
gmrt_in_air19,104.0,143.54452339625,43.29767544370547,61.27270702,116.10164147500001,128.058606,166.01185755,278.1408614
gmrt_on_paper19,104.0,160.06714314894228,40.397943571239566,51.30634181,135.744030925,165.7831627,178.595464375,273.0425789
max_x_extension19,104.0,6864.788461538462,1843.7580010585752,939.0,6897.5,7239.5,7343.75,14816.0
max_y_extension19,104.0,9896.346153846154,1817.644628501139,2839.0,9900.0,10455.0,10626.0,16820.0
mean_acc_in_air19,104.0,0.5743245346153846,0.19698782263645334,0.1736385,0.444348921,0.561538023,0.622953652,1.509212173
mean_acc_on_paper19,104.0,0.15308061463461536,0.01871968800614351,0.117689414,0.139267463,0.1506443495,0.16749039125,0.209466923
mean_gmrt19,104.0,151.80583326471154,35.51471929938069,56.28952441,130.5570204,153.0088306,170.59921452499998,247.4310697
mean_jerk_in_air19,104.0,0.10081914565384614,0.03906461467574869,0.021736952,0.074218602,0.09963796,0.1105394975,0.287457664
mean_jerk_on_paper19,104.0,0.019715676461538465,0.0023698057656534525,0.013432091,0.018503911,0.019460243500000002,0.02104249725,0.025592134
mean_speed_in_air19,104.0,2.881438488076923,0.9375276846469853,1.22460533,2.25946128425,2.5335903305,3.47292500175,5.605655073
mean_speed_on_paper19,104.0,2.2050385483269235,0.6182787924137575,0.69770194,1.823022393,2.2545074465,2.486288163,3.843388633
num_of_pendown19,104.0,46.63461538461539,16.046690184273274,9.0,35.0,44.5,59.25,83.0
paper_time19,104.0,24520.240384615383,9278.719346366961,2760.0,20138.75,24970.0,26061.25,85710.0
pressure_mean19,104.0,1618.3401057682693,347.2629675203677,508.1633798,1491.68206675,1724.9421095,1870.66204475,1981.520709
pressure_var19,104.0,167249.49901778845,58991.577551490795,46837.96082,111108.412375,166125.7663,210753.111825,304247.9835
total_time19,104.0,523006.73076923075,1961865.8161366738,6760.0,59497.5,65862.5,93407.5,9206165.0
air_time20,104.0,10892.067307692309,31445.36445849315,1325.0,2931.25,4440.0,9205.0,313925.0
disp_index20,104.0,1.5873076923076922e-05,5.177651579386212e-06,5.96e-06,1.3150000000000001e-05,1.4999999999999999e-05,1.7175e-05,5.1e-05
gmrt_in_air20,104.0,196.54322560548079,86.25687697468756,55.11722265,133.4766912,180.64396645,243.471158525,399.2586448
gmrt_on_paper20,104.0,162.91660691326922,49.69489723230802,49.50664934,124.059852825,165.29835725,189.03164877499998,322.9678202
max_x_extension20,104.0,1830.3942307692307,1263.5083028705048,647.0,1427.0,1573.0,1947.0,13154.0
max_y_extension20,104.0,12379.826923076924,2376.963133231948,4908.0,10943.75,12433.0,14070.25,17547.0
mean_acc_in_air20,104.0,0.2974111414711539,0.18275519901572032,0.144951251,0.20539086425,0.246064065,0.307447794,1.406808251
mean_acc_on_paper20,104.0,0.15933524992307693,0.02726509472548368,0.110850917,0.141938328,0.154026194,0.171872861,0.269551649
mean_gmrt20,104.0,179.72991626028846,58.65005780861094,58.13556845,131.79395135,171.98701215,222.11654042499998,289.9948153
mean_jerk_in_air20,104.0,0.04587345534615384,0.035772423677064916,0.018173538,0.0286540875,0.036353758,0.0481043725,0.264611622
mean_jerk_on_paper20,104.0,0.019523610134615385,0.002609247303493317,0.014566782,0.01772191075,0.019121105,0.02104096,0.028166746
mean_speed_in_air20,104.0,3.3444001454711536,1.2107191144985867,1.071479848,2.43594870575,3.2078154315,4.09720504525,6.800268753
mean_speed_on_paper20,104.0,2.958580043865384,1.013523908454675,0.874052412,2.17354415375,2.967629508,3.458852233,6.322301633
num_of_pendown20,104.0,17.201923076923077,7.114022536808522,5.0,12.0,16.0,21.0,38.0
paper_time20,104.0,10090.240384615385,6871.323213810024,3560.0,7378.75,8035.0,10442.5,64415.0
pressure_mean20,104.0,1646.3083814923075,334.2768957459032,574.8741809,1515.580169,1748.21649,1896.4498842500002,1990.808339
pressure_var20,104.0,152497.7113585577,69319.6236513528,46320.30321,98726.0567325,148710.22235,184813.30544999999,420932.3828
total_time20,104.0,20982.30769230769,33973.741365793714,5545.0,10163.75,12415.0,20121.25,327820.0
air_time21,104.0,12308.5,13797.914107166265,395.0,2126.25,6960.0,19178.75,67430.0
disp_index21,104.0,4.809432692307693e-05,1.3534821238211315e-05,9.91e-06,4.07e-05,4.935e-05,5.7325e-05,8.04e-05
gmrt_in_air21,104.0,437.57765951634616,270.42724451043784,122.9973081,253.48950715,335.627845,535.195747225,1486.978988
gmrt_on_paper21,104.0,103.57510343692307,47.4814747600529,31.86556936,69.05226092,95.044086145,113.31276775,297.5924055
max_x_extension21,104.0,8890.51923076923,1743.2145509088584,1494.0,8906.75,9444.5,9619.25,11289.0
max_y_extension21,104.0,14960.067307692309,2666.0023025082123,3240.0,15296.5,15682.0,16099.0,18460.0
mean_acc_in_air21,104.0,0.764443802798077,0.7545141059932478,0.1436042,0.33928449175,0.5192192664999999,0.7183809775000001,3.12223593
mean_acc_on_paper21,104.0,0.12455963773076922,0.03864701705725703,0.060407365,0.10013097500000001,0.1187632085,0.15384313500000002,0.202928465
mean_gmrt21,104.0,270.57638147894227,147.61706703742638,90.20056541,171.2951146,213.12292145,322.321308325,799.8230305
mean_jerk_in_air21,104.0,0.13731720851923077,0.1526514400871204,0.018563373,0.05336772525,0.08792528399999999,0.12918168275,0.611874074
mean_jerk_on_paper21,104.0,0.012660482653846153,0.002374200498479259,0.008274048,0.0112556585,0.012536456000000001,0.01437452475,0.018932389
mean_speed_in_air21,104.0,3.9330558277211543,1.9670412399815227,1.01502599,2.61036915,3.4342775105000003,4.527072115,10.06914576
mean_speed_on_paper21,104.0,1.9716482075288462,0.942669672951629,0.539634907,1.3082065035000001,1.8089099985,2.220375236,5.405902514
num_of_pendown21,104.0,10.14423076923077,13.579981175352472,1.0,2.0,5.0,14.0,92.0
paper_time21,104.0,38241.105769230766,21729.876182597876,7095.0,24431.25,32757.5,44882.5,136955.0
pressure_mean21,104.0,1811.768813675,308.0212394261984,641.0340031,1750.4031539999999,1942.5890795,2014.714739,2041.930178
pressure_var21,104.0,87721.88824546152,72113.22249291523,5848.579759,29926.836300000003,65197.07201,128566.494125,325040.8775
total_time21,104.0,50549.605769230766,32046.649403769527,13910.0,30970.0,41605.0,56697.5,195795.0
air_time22,104.0,23125.94230769231,144939.1094663868,1510.0,2788.75,5342.5,10368.75,1483980.0
disp_index22,104.0,9.544230769230768e-06,2.1623376833668093e-06,4.68e-06,8.02e-06,9.535e-06,1.0625e-05,1.79e-05
gmrt_in_air22,104.0,152.76115646134616,58.053872538686136,58.08730906,104.788110575,146.51583045,184.29481025,297.868762
gmrt_on_paper22,104.0,168.80836550317306,59.13991447628013,26.73545339,128.617916775,168.45096745,207.04481595,376.723102
max_x_extension22,104.0,1207.6153846153845,554.9439280289147,622.0,896.5,1049.0,1368.5,4320.0
max_y_extension22,104.0,6315.778846153846,1338.194617427255,3782.0,5283.75,5976.5,7037.25,10317.0
mean_acc_in_air22,104.0,0.28139468259615386,0.14071740001520835,0.149692783,0.2030593615,0.227583743,0.31445724175,1.171408552
mean_acc_on_paper22,104.0,0.14805951035576922,0.02612402561258411,0.103854663,0.133339666,0.1441720615,0.161530174,0.269158683
mean_gmrt22,104.0,160.7847609782692,52.39766490764064,57.89714839,123.77822855000001,157.384115,196.51989312499998,303.5761994
mean_jerk_in_air22,104.0,0.041951219855769224,0.028080948062220577,0.018455785,0.0262079795,0.0327181245,0.0501623885,0.219737979
mean_jerk_on_paper22,104.0,0.01901272639423077,0.0029020565105722937,0.012210077,0.0170946695,0.0187079805,0.01996960475,0.03001171
mean_speed_in_air22,104.0,2.923190689153846,1.0469450900972812,0.979261435,2.05978922825,2.887224706,3.45660838425,6.175674233
mean_speed_on_paper22,104.0,2.5663169896538465,0.9551713676236416,0.359459405,1.949686609,2.5415289,2.99925366175,6.026307427
num_of_pendown22,104.0,13.086538461538462,2.566061456116085,8.0,12.0,12.0,14.0,29.0
paper_time22,104.0,6618.221153846154,4613.01803564847,2250.0,4476.25,5480.0,6795.0,42935.0
pressure_mean22,104.0,1620.0442216144231,307.80482661174096,678.6046512,1482.8728432500002,1716.1292725,1843.1510477499999,1958.374241
pressure_var22,104.0,193259.93582153844,74461.40552815676,67364.47805,141104.93785000002,185087.04955,229924.04249999998,495335.0637
total_time22,104.0,29744.16346153846,145075.90694918422,4345.0,7298.75,10772.5,19577.5,1489270.0
air_time23,104.0,10713.548076923076,28789.08889046851,1710.0,3616.25,5745.0,9200.0,292670.0
disp_index23,104.0,9.403269230769231e-06,2.1432755270994626e-06,4.92e-06,8.065e-06,8.92e-06,1.0325e-05,1.78e-05
gmrt_in_air23,104.0,159.3274126389423,57.23863362178815,54.18871074,116.251957325,155.56160155,191.6597938,314.2385332
gmrt_on_paper23,104.0,197.73612264836538,76.47001739491505,40.84819674,152.40768937500002,184.16110295,249.09633315000002,441.2585578
max_x_extension23,104.0,1343.0192307692307,1227.7992228639919,556.0,876.25,1164.5,1337.25,10766.0
max_y_extension23,104.0,7575.653846153846,2048.187575646725,3533.0,6278.0,7316.5,8921.25,18697.0
mean_acc_in_air23,104.0,0.27491758657692306,0.11111157881966566,0.136754673,0.20030356800000002,0.231681965,0.31539827225,0.769985904
mean_acc_on_paper23,104.0,0.15567743633653844,0.02936971475798678,0.088643756,0.13748651975,0.15028459,0.16975637,0.297567147
mean_gmrt23,104.0,178.53176764240385,59.20140300424327,58.78534184,142.15166505000002,175.2849305,213.9892016,334.1055138
mean_jerk_in_air23,104.0,0.04044461722115385,0.022149517618732885,0.018213528,0.02572898975,0.032746813,0.048403563749999996,0.139370238
mean_jerk_on_paper23,104.0,0.019507930490384615,0.003021273084302352,0.01033333,0.0175922285,0.019557754,0.02082000125,0.028632118
mean_speed_in_air23,104.0,3.1028047983269236,1.088869537884453,1.032930958,2.1899167645,3.079415348,3.77517678625,6.420649542
mean_speed_on_paper23,104.0,2.9300857571826926,1.2183047262564528,0.429307349,2.1839114397499997,2.9149229864999997,3.5035470917500002,7.219390713
num_of_pendown23,104.0,12.807692307692308,2.1410319763664782,9.0,12.0,13.0,13.0,24.0
paper_time23,104.0,6303.942307692308,4366.257571548579,2375.0,4342.5,5072.5,6315.0,33860.0
pressure_mean23,104.0,1603.2134713461537,315.3818010075629,487.2016546,1456.96107,1705.0073555,1846.3856572500001,1982.654219
pressure_var23,104.0,193812.2108175,70265.47209115284,28616.42573,138502.000875,187801.8186,238195.476925,358756.7108
total_time23,104.0,17017.490384615383,29723.10243087709,5005.0,7925.0,11077.5,15173.75,297195.0
air_time24,104.0,47423.99038461538,42769.89045807837,9150.0,23285.0,31295.0,55551.25,318330.0
disp_index24,104.0,2.285163461538461e-05,7.265773749290402e-06,7.29e-06,1.78e-05,2.235e-05,2.63e-05,4.72e-05
gmrt_in_air24,104.0,159.0654261939423,65.74645070017093,51.22016995,115.359186375,144.75848009999999,195.12224187500001,510.6151457
gmrt_on_paper24,104.0,157.45912294192308,75.91133636146088,40.59304104,103.57486660000001,152.41354255,192.227386325,576.7760004
max_x_extension24,104.0,6409.461538461538,2556.3765540086206,2345.0,4028.75,6217.5,8245.25,13719.0
max_y_extension24,104.0,6793.817307692308,2798.3717032589593,2328.0,4273.75,6649.5,9066.25,14396.0
mean_acc_in_air24,104.0,0.4888334246730769,0.30171829178303655,0.181587735,0.31700283025,0.443710207,0.591298624,2.55729665
mean_acc_on_paper24,104.0,0.1273443003846154,0.028247341963977147,0.066441018,0.11381161175,0.1263789845,0.1420919815,0.281645685
mean_gmrt24,104.0,158.2622745702885,66.33192606131489,60.04765179,114.821338825,153.13492625,197.497409575,543.6955731
mean_jerk_in_air24,104.0,0.08303359321153847,0.06000518016380959,0.022294745,0.0484706,0.074407744,0.104819019,0.49485465
mean_jerk_on_paper24,104.0,0.01606777482692308,0.003133095339498412,0.009769139,0.014175519,0.01578652,0.017512477499999998,0.030773124
mean_speed_in_air24,104.0,3.1055013292019233,1.2613560454823023,1.027825522,2.23508312,2.8737701319999998,3.84507854525,9.558544463
mean_speed_on_paper24,104.0,2.2794199556442307,1.1042148640731795,0.578824682,1.5767482314999999,2.1523425265,2.796607525,8.500361573
num_of_pendown24,104.0,28.923076923076923,11.828624412380801,10.0,23.0,25.0,33.0,87.0
paper_time24,104.0,19865.81730769231,9582.153544925717,4655.0,14265.0,17590.0,24656.25,65555.0
pressure_mean24,104.0,1605.669668878846,301.257344870511,663.3254034,1481.15319175,1690.943536,1849.49841925,1946.510403
pressure_var24,104.0,236791.68857884614,77695.96700969935,105124.9956,170373.12797499998,227253.72825,277570.1776,485839.002
total_time24,104.0,67289.80769230769,49133.50854165763,15375.0,37487.5,49850.0,87848.75,358665.0
air_time25,104.0,125808.02884615384,552333.1887804302,8305.0,23255.0,36605.0,84950.0,5629120.0
disp_index25,104.0,5.463269230769231e-05,1.0145298230030054e-05,2.95e-05,4.8025e-05,5.365e-05,5.86e-05,9.28e-05
gmrt_in_air25,104.0,230.38740973384617,79.24026488489481,75.26019769,183.072878825,226.89060519999998,280.517423,565.4691946
gmrt_on_paper25,104.0,200.37117997182693,55.89596304348656,64.59586877,172.6537249,204.33965185,235.399722,357.3105384
max_x_extension25,104.0,7918.413461538462,2558.804873527464,3077.0,6072.5,7535.5,8938.5,14304.0
max_y_extension25,104.0,15857.346153846154,2203.8815879650774,10474.0,14246.0,15835.5,17409.5,20172.0
mean_acc_in_air25,104.0,0.7980530185769231,0.3075679188041544,0.19994924,0.595596378,0.7586942685,1.0830492015,1.949432667
mean_acc_on_paper25,104.0,0.1584864444423077,0.021571900359589894,0.118686206,0.144780367,0.15495812450000002,0.167469133,0.226919997
mean_gmrt25,104.0,215.37929484999998,61.92176777971971,69.92803323,182.701412775,208.67927279999998,259.179787075,430.7207099
mean_jerk_in_air25,104.0,0.1460579096826923,0.06169277002021718,0.030169378,0.10741674074999999,0.1387036405,0.20419550749999998,0.375077723
mean_jerk_on_paper25,104.0,0.019909477903846153,0.0024633380278161966,0.014986857,0.018051688500000003,0.019455743999999997,0.0208836445,0.026753654
mean_speed_in_air25,104.0,4.299017810105769,1.4285210714614116,1.323564589,3.45819069225,4.2975800015,4.9720199135,10.41671523
mean_speed_on_paper25,104.0,2.8216363884999995,0.854716709918662,0.950248883,2.4185546744999997,2.830671789,3.335827804,5.29256162
num_of_pendown25,104.0,84.32692307692308,26.300150358643,32.0,68.0,79.0,95.25,180.0
paper_time25,104.0,43823.317307692305,21159.38639990934,15930.0,33358.75,37785.0,45758.75,139575.0
pressure_mean25,104.0,1571.1703263557692,372.48432054376394,474.0494622,1422.03486175,1706.12194,1853.7384615,1965.069119
pressure_var25,104.0,163634.03050788463,58168.34339545457,26984.92666,121612.06485000001,158236.7718,198229.61604999998,352981.85
total_time25,104.0,169631.34615384616,556684.6671774789,29980.0,59175.0,76865.0,134543.75,5704200.0
